Index,PatchName
10972,/root/PriCE-1/dataset/1WSI/data/cnn_ensemble_updated/TCGA-E9-A1N3-01Z-00-DX1/patches/TCGA-E9-A1N3-01Z-00-DX1_11200_42112.png
10976,/root/PriCE-1/dataset/1WSI/data/cnn_ensemble_updated/TCGA-E9-A1N3-01Z-00-DX1/patches/TCGA-E9-A1N3-01Z-00-DX1_31808_22848.png
12425,/root/PriCE-1/dataset/1WSI/data/cnn_ensemble_updated/TCGA-E9-A1N3-01Z-00-DX1/patches/TCGA-E9-A1N3-01Z-00-DX1_18144_31136.png
13634,/root/PriCE-1/dataset/1WSI/data/cnn_ensemble_updated/TCGA-E9-A1N3-01Z-00-DX1/patches/TCGA-E9-A1N3-01Z-00-DX1_15904_19712.png
13719,/root/PriCE-1/dataset/1WSI/data/cnn_ensemble_updated/TCGA-E9-A1N3-01Z-00-DX1/patches/TCGA-E9-A1N3-01Z-00-DX1_23968_15232.png
13738,/root/PriCE-1/dataset/1WSI/data/cnn_ensemble_updated/TCGA-E9-A1N3-01Z-00-DX1/patches/TCGA-E9-A1N3-01Z-00-DX1_32928_20832.png
13790,/root/PriCE-1/dataset/1WSI/data/cnn_ensemble_updated/TCGA-E9-A1N3-01Z-00-DX1/patches/TCGA-E9-A1N3-01Z-00-DX1_15232_25760.png
14089,/root/PriCE-1/dataset/1WSI/data/cnn_ensemble_updated/TCGA-E9-A1N3-01Z-00-DX1/patches/TCGA-E9-A1N3-01Z-00-DX1_35840_19712.png
14196,/root/PriCE-1/dataset/1WSI/data/cnn_ensemble_updated/TCGA-E9-A1N3-01Z-00-DX1/patches/TCGA-E9-A1N3-01Z-00-DX1_18816_20608.png
14210,/root/PriCE-1/dataset/1WSI/data/cnn_ensemble_updated/TCGA-E9-A1N3-01Z-00-DX1/patches/TCGA-E9-A1N3-01Z-00-DX1_34048_12992.png
14289,/root/PriCE-1/dataset/1WSI/data/cnn_ensemble_updated/TCGA-E9-A1N3-01Z-00-DX1/patches/TCGA-E9-A1N3-01Z-00-DX1_23072_17024.png
14316,/root/PriCE-1/dataset/1WSI/data/cnn_ensemble_updated/TCGA-E9-A1N3-01Z-00-DX1/patches/TCGA-E9-A1N3-01Z-00-DX1_9856_26880.png
14340,/root/PriCE-1/dataset/1WSI/data/cnn_ensemble_updated/TCGA-E9-A1N3-01Z-00-DX1/patches/TCGA-E9-A1N3-01Z-00-DX1_41664_14784.png
14350,/root/PriCE-1/dataset/1WSI/data/cnn_ensemble_updated/TCGA-E9-A1N3-01Z-00-DX1/patches/TCGA-E9-A1N3-01Z-00-DX1_32256_29568.png
14354,/root/PriCE-1/dataset/1WSI/data/cnn_ensemble_updated/TCGA-E9-A1N3-01Z-00-DX1/patches/TCGA-E9-A1N3-01Z-00-DX1_41664_12992.png
14493,/root/PriCE-1/dataset/1WSI/data/cnn_ensemble_updated/TCGA-E9-A1N3-01Z-00-DX1/patches/TCGA-E9-A1N3-01Z-00-DX1_33376_12544.png
14540,/root/PriCE-1/dataset/1WSI/data/cnn_ensemble_updated/TCGA-E9-A1N3-01Z-00-DX1/patches/TCGA-E9-A1N3-01Z-00-DX1_36960_26432.png
14888,/root/PriCE-1/dataset/1WSI/data/cnn_ensemble_updated/TCGA-E9-A1N3-01Z-00-DX1/patches/TCGA-E9-A1N3-01Z-00-DX1_37856_16800.png
14895,/root/PriCE-1/dataset/1WSI/data/cnn_ensemble_updated/TCGA-E9-A1N3-01Z-00-DX1/patches/TCGA-E9-A1N3-01Z-00-DX1_30688_38304.png
14927,/root/PriCE-1/dataset/1WSI/data/cnn_ensemble_updated/TCGA-E9-A1N3-01Z-00-DX1/patches/TCGA-E9-A1N3-01Z-00-DX1_20160_29792.png
14956,/root/PriCE-1/dataset/1WSI/data/cnn_ensemble_updated/TCGA-E9-A1N3-01Z-00-DX1/patches/TCGA-E9-A1N3-01Z-00-DX1_28448_30688.png
14973,/root/PriCE-1/dataset/1WSI/data/cnn_ensemble_updated/TCGA-E9-A1N3-01Z-00-DX1/patches/TCGA-E9-A1N3-01Z-00-DX1_33600_30240.png
15001,/root/PriCE-1/dataset/1WSI/data/cnn_ensemble_updated/TCGA-E9-A1N3-01Z-00-DX1/patches/TCGA-E9-A1N3-01Z-00-DX1_42112_31360.png
15024,/root/PriCE-1/dataset/1WSI/data/cnn_ensemble_updated/TCGA-E9-A1N3-01Z-00-DX1/patches/TCGA-E9-A1N3-01Z-00-DX1_45024_30240.png
15032,/root/PriCE-1/dataset/1WSI/data/cnn_ensemble_updated/TCGA-E9-A1N3-01Z-00-DX1/patches/TCGA-E9-A1N3-01Z-00-DX1_36064_30464.png
15043,/root/PriCE-1/dataset/1WSI/data/cnn_ensemble_updated/TCGA-E9-A1N3-01Z-00-DX1/patches/TCGA-E9-A1N3-01Z-00-DX1_27328_19936.png
15126,/root/PriCE-1/dataset/1WSI/data/cnn_ensemble_updated/TCGA-E9-A1N3-01Z-00-DX1/patches/TCGA-E9-A1N3-01Z-00-DX1_30688_21504.png
15146,/root/PriCE-1/dataset/1WSI/data/cnn_ensemble_updated/TCGA-E9-A1N3-01Z-00-DX1/patches/TCGA-E9-A1N3-01Z-00-DX1_41664_17024.png
15299,/root/PriCE-1/dataset/1WSI/data/cnn_ensemble_updated/TCGA-E9-A1N3-01Z-00-DX1/patches/TCGA-E9-A1N3-01Z-00-DX1_41664_31808.png
15335,/root/PriCE-1/dataset/1WSI/data/cnn_ensemble_updated/TCGA-E9-A1N3-01Z-00-DX1/patches/TCGA-E9-A1N3-01Z-00-DX1_47040_27328.png
15384,/root/PriCE-1/dataset/1WSI/data/cnn_ensemble_updated/TCGA-E9-A1N3-01Z-00-DX1/patches/TCGA-E9-A1N3-01Z-00-DX1_14784_22400.png
15392,/root/PriCE-1/dataset/1WSI/data/cnn_ensemble_updated/TCGA-E9-A1N3-01Z-00-DX1/patches/TCGA-E9-A1N3-01Z-00-DX1_37408_28224.png
15399,/root/PriCE-1/dataset/1WSI/data/cnn_ensemble_updated/TCGA-E9-A1N3-01Z-00-DX1/patches/TCGA-E9-A1N3-01Z-00-DX1_38752_21056.png
15410,/root/PriCE-1/dataset/1WSI/data/cnn_ensemble_updated/TCGA-E9-A1N3-01Z-00-DX1/patches/TCGA-E9-A1N3-01Z-00-DX1_38752_17248.png
15419,/root/PriCE-1/dataset/1WSI/data/cnn_ensemble_updated/TCGA-E9-A1N3-01Z-00-DX1/patches/TCGA-E9-A1N3-01Z-00-DX1_30912_38080.png
15440,/root/PriCE-1/dataset/1WSI/data/cnn_ensemble_updated/TCGA-E9-A1N3-01Z-00-DX1/patches/TCGA-E9-A1N3-01Z-00-DX1_4928_17472.png
15448,/root/PriCE-1/dataset/1WSI/data/cnn_ensemble_updated/TCGA-E9-A1N3-01Z-00-DX1/patches/TCGA-E9-A1N3-01Z-00-DX1_12320_21728.png
15531,/root/PriCE-1/dataset/1WSI/data/cnn_ensemble_updated/TCGA-E9-A1N3-01Z-00-DX1/patches/TCGA-E9-A1N3-01Z-00-DX1_36512_29344.png
15560,/root/PriCE-1/dataset/1WSI/data/cnn_ensemble_updated/TCGA-E9-A1N3-01Z-00-DX1/patches/TCGA-E9-A1N3-01Z-00-DX1_4480_24864.png
15583,/root/PriCE-1/dataset/1WSI/data/cnn_ensemble_updated/TCGA-E9-A1N3-01Z-00-DX1/patches/TCGA-E9-A1N3-01Z-00-DX1_25536_10976.png
15642,/root/PriCE-1/dataset/1WSI/data/cnn_ensemble_updated/TCGA-E9-A1N3-01Z-00-DX1/patches/TCGA-E9-A1N3-01Z-00-DX1_10304_15232.png
15662,/root/PriCE-1/dataset/1WSI/data/cnn_ensemble_updated/TCGA-E9-A1N3-01Z-00-DX1/patches/TCGA-E9-A1N3-01Z-00-DX1_36736_36512.png
15762,/root/PriCE-1/dataset/1WSI/data/cnn_ensemble_updated/TCGA-E9-A1N3-01Z-00-DX1/patches/TCGA-E9-A1N3-01Z-00-DX1_11648_14560.png
16033,/root/PriCE-1/dataset/1WSI/data/cnn_ensemble_updated/TCGA-E9-A1N3-01Z-00-DX1/patches/TCGA-E9-A1N3-01Z-00-DX1_23968_26432.png
16072,/root/PriCE-1/dataset/1WSI/data/cnn_ensemble_updated/TCGA-E9-A1N3-01Z-00-DX1/patches/TCGA-E9-A1N3-01Z-00-DX1_47936_24864.png
16112,/root/PriCE-1/dataset/1WSI/data/cnn_ensemble_updated/TCGA-E9-A1N3-01Z-00-DX1/patches/TCGA-E9-A1N3-01Z-00-DX1_36960_7616.png
16135,/root/PriCE-1/dataset/1WSI/data/cnn_ensemble_updated/TCGA-E9-A1N3-01Z-00-DX1/patches/TCGA-E9-A1N3-01Z-00-DX1_10080_17696.png
16136,/root/PriCE-1/dataset/1WSI/data/cnn_ensemble_updated/TCGA-E9-A1N3-01Z-00-DX1/patches/TCGA-E9-A1N3-01Z-00-DX1_21056_23296.png
16138,/root/PriCE-1/dataset/1WSI/data/cnn_ensemble_updated/TCGA-E9-A1N3-01Z-00-DX1/patches/TCGA-E9-A1N3-01Z-00-DX1_28448_12992.png
16152,/root/PriCE-1/dataset/1WSI/data/cnn_ensemble_updated/TCGA-E9-A1N3-01Z-00-DX1/patches/TCGA-E9-A1N3-01Z-00-DX1_17920_10976.png
16191,/root/PriCE-1/dataset/1WSI/data/cnn_ensemble_updated/TCGA-E9-A1N3-01Z-00-DX1/patches/TCGA-E9-A1N3-01Z-00-DX1_42560_27104.png
16329,/root/PriCE-1/dataset/1WSI/data/cnn_ensemble_updated/TCGA-E9-A1N3-01Z-00-DX1/patches/TCGA-E9-A1N3-01Z-00-DX1_43680_29120.png
16352,/root/PriCE-1/dataset/1WSI/data/cnn_ensemble_updated/TCGA-E9-A1N3-01Z-00-DX1/patches/TCGA-E9-A1N3-01Z-00-DX1_30464_14784.png
16368,/root/PriCE-1/dataset/1WSI/data/cnn_ensemble_updated/TCGA-E9-A1N3-01Z-00-DX1/patches/TCGA-E9-A1N3-01Z-00-DX1_12096_24416.png
16395,/root/PriCE-1/dataset/1WSI/data/cnn_ensemble_updated/TCGA-E9-A1N3-01Z-00-DX1/patches/TCGA-E9-A1N3-01Z-00-DX1_27552_8960.png
16404,/root/PriCE-1/dataset/1WSI/data/cnn_ensemble_updated/TCGA-E9-A1N3-01Z-00-DX1/patches/TCGA-E9-A1N3-01Z-00-DX1_35840_6048.png
16491,/root/PriCE-1/dataset/1WSI/data/cnn_ensemble_updated/TCGA-E9-A1N3-01Z-00-DX1/patches/TCGA-E9-A1N3-01Z-00-DX1_36960_23296.png
16510,/root/PriCE-1/dataset/1WSI/data/cnn_ensemble_updated/TCGA-E9-A1N3-01Z-00-DX1/patches/TCGA-E9-A1N3-01Z-00-DX1_35168_32256.png
16516,/root/PriCE-1/dataset/1WSI/data/cnn_ensemble_updated/TCGA-E9-A1N3-01Z-00-DX1/patches/TCGA-E9-A1N3-01Z-00-DX1_41440_20608.png
16581,/root/PriCE-1/dataset/1WSI/data/cnn_ensemble_updated/TCGA-E9-A1N3-01Z-00-DX1/patches/TCGA-E9-A1N3-01Z-00-DX1_41440_25312.png
16599,/root/PriCE-1/dataset/1WSI/data/cnn_ensemble_updated/TCGA-E9-A1N3-01Z-00-DX1/patches/TCGA-E9-A1N3-01Z-00-DX1_33152_23968.png
16601,/root/PriCE-1/dataset/1WSI/data/cnn_ensemble_updated/TCGA-E9-A1N3-01Z-00-DX1/patches/TCGA-E9-A1N3-01Z-00-DX1_17920_26880.png
16626,/root/PriCE-1/dataset/1WSI/data/cnn_ensemble_updated/TCGA-E9-A1N3-01Z-00-DX1/patches/TCGA-E9-A1N3-01Z-00-DX1_13664_26656.png
16705,/root/PriCE-1/dataset/1WSI/data/cnn_ensemble_updated/TCGA-E9-A1N3-01Z-00-DX1/patches/TCGA-E9-A1N3-01Z-00-DX1_20160_20608.png
16717,/root/PriCE-1/dataset/1WSI/data/cnn_ensemble_updated/TCGA-E9-A1N3-01Z-00-DX1/patches/TCGA-E9-A1N3-01Z-00-DX1_26880_27104.png
16723,/root/PriCE-1/dataset/1WSI/data/cnn_ensemble_updated/TCGA-E9-A1N3-01Z-00-DX1/patches/TCGA-E9-A1N3-01Z-00-DX1_24192_21504.png
16728,/root/PriCE-1/dataset/1WSI/data/cnn_ensemble_updated/TCGA-E9-A1N3-01Z-00-DX1/patches/TCGA-E9-A1N3-01Z-00-DX1_31584_31136.png
16730,/root/PriCE-1/dataset/1WSI/data/cnn_ensemble_updated/TCGA-E9-A1N3-01Z-00-DX1/patches/TCGA-E9-A1N3-01Z-00-DX1_33376_37632.png
16736,/root/PriCE-1/dataset/1WSI/data/cnn_ensemble_updated/TCGA-E9-A1N3-01Z-00-DX1/patches/TCGA-E9-A1N3-01Z-00-DX1_43232_16128.png
16747,/root/PriCE-1/dataset/1WSI/data/cnn_ensemble_updated/TCGA-E9-A1N3-01Z-00-DX1/patches/TCGA-E9-A1N3-01Z-00-DX1_8736_26656.png
16757,/root/PriCE-1/dataset/1WSI/data/cnn_ensemble_updated/TCGA-E9-A1N3-01Z-00-DX1/patches/TCGA-E9-A1N3-01Z-00-DX1_10080_14112.png
16766,/root/PriCE-1/dataset/1WSI/data/cnn_ensemble_updated/TCGA-E9-A1N3-01Z-00-DX1/patches/TCGA-E9-A1N3-01Z-00-DX1_28000_30464.png
16791,/root/PriCE-1/dataset/1WSI/data/cnn_ensemble_updated/TCGA-E9-A1N3-01Z-00-DX1/patches/TCGA-E9-A1N3-01Z-00-DX1_19488_19488.png
16893,/root/PriCE-1/dataset/1WSI/data/cnn_ensemble_updated/TCGA-E9-A1N3-01Z-00-DX1/patches/TCGA-E9-A1N3-01Z-00-DX1_30016_35392.png
16914,/root/PriCE-1/dataset/1WSI/data/cnn_ensemble_updated/TCGA-E9-A1N3-01Z-00-DX1/patches/TCGA-E9-A1N3-01Z-00-DX1_19936_17248.png
16968,/root/PriCE-1/dataset/1WSI/data/cnn_ensemble_updated/TCGA-E9-A1N3-01Z-00-DX1/patches/TCGA-E9-A1N3-01Z-00-DX1_37632_30016.png
16986,/root/PriCE-1/dataset/1WSI/data/cnn_ensemble_updated/TCGA-E9-A1N3-01Z-00-DX1/patches/TCGA-E9-A1N3-01Z-00-DX1_37184_8288.png
17001,/root/PriCE-1/dataset/1WSI/data/cnn_ensemble_updated/TCGA-E9-A1N3-01Z-00-DX1/patches/TCGA-E9-A1N3-01Z-00-DX1_29568_10752.png
17092,/root/PriCE-1/dataset/1WSI/data/cnn_ensemble_updated/TCGA-E9-A1N3-01Z-00-DX1/patches/TCGA-E9-A1N3-01Z-00-DX1_26432_18144.png
17109,/root/PriCE-1/dataset/1WSI/data/cnn_ensemble_updated/TCGA-E9-A1N3-01Z-00-DX1/patches/TCGA-E9-A1N3-01Z-00-DX1_27776_21504.png
17132,/root/PriCE-1/dataset/1WSI/data/cnn_ensemble_updated/TCGA-E9-A1N3-01Z-00-DX1/patches/TCGA-E9-A1N3-01Z-00-DX1_29344_25536.png
17143,/root/PriCE-1/dataset/1WSI/data/cnn_ensemble_updated/TCGA-E9-A1N3-01Z-00-DX1/patches/TCGA-E9-A1N3-01Z-00-DX1_33600_40320.png
17147,/root/PriCE-1/dataset/1WSI/data/cnn_ensemble_updated/TCGA-E9-A1N3-01Z-00-DX1/patches/TCGA-E9-A1N3-01Z-00-DX1_21056_21056.png
17174,/root/PriCE-1/dataset/1WSI/data/cnn_ensemble_updated/TCGA-E9-A1N3-01Z-00-DX1/patches/TCGA-E9-A1N3-01Z-00-DX1_43008_31136.png
17191,/root/PriCE-1/dataset/1WSI/data/cnn_ensemble_updated/TCGA-E9-A1N3-01Z-00-DX1/patches/TCGA-E9-A1N3-01Z-00-DX1_26208_24640.png
17206,/root/PriCE-1/dataset/1WSI/data/cnn_ensemble_updated/TCGA-E9-A1N3-01Z-00-DX1/patches/TCGA-E9-A1N3-01Z-00-DX1_19712_10304.png
17220,/root/PriCE-1/dataset/1WSI/data/cnn_ensemble_updated/TCGA-E9-A1N3-01Z-00-DX1/patches/TCGA-E9-A1N3-01Z-00-DX1_40544_19264.png
17235,/root/PriCE-1/dataset/1WSI/data/cnn_ensemble_updated/TCGA-E9-A1N3-01Z-00-DX1/patches/TCGA-E9-A1N3-01Z-00-DX1_39648_10304.png
17280,/root/PriCE-1/dataset/1WSI/data/cnn_ensemble_updated/TCGA-E9-A1N3-01Z-00-DX1/patches/TCGA-E9-A1N3-01Z-00-DX1_42784_32928.png
17301,/root/PriCE-1/dataset/1WSI/data/cnn_ensemble_updated/TCGA-E9-A1N3-01Z-00-DX1/patches/TCGA-E9-A1N3-01Z-00-DX1_17920_22400.png
17340,/root/PriCE-1/dataset/1WSI/data/cnn_ensemble_updated/TCGA-E9-A1N3-01Z-00-DX1/patches/TCGA-E9-A1N3-01Z-00-DX1_42112_16352.png
17341,/root/PriCE-1/dataset/1WSI/data/cnn_ensemble_updated/TCGA-E9-A1N3-01Z-00-DX1/patches/TCGA-E9-A1N3-01Z-00-DX1_46368_28224.png
17373,/root/PriCE-1/dataset/1WSI/data/cnn_ensemble_updated/TCGA-E9-A1N3-01Z-00-DX1/patches/TCGA-E9-A1N3-01Z-00-DX1_16352_30688.png
17382,/root/PriCE-1/dataset/1WSI/data/cnn_ensemble_updated/TCGA-E9-A1N3-01Z-00-DX1/patches/TCGA-E9-A1N3-01Z-00-DX1_38752_22848.png
17451,/root/PriCE-1/dataset/1WSI/data/cnn_ensemble_updated/TCGA-E9-A1N3-01Z-00-DX1/patches/TCGA-E9-A1N3-01Z-00-DX1_23744_30016.png
17484,/root/PriCE-1/dataset/1WSI/data/cnn_ensemble_updated/TCGA-E9-A1N3-01Z-00-DX1/patches/TCGA-E9-A1N3-01Z-00-DX1_38752_30016.png
17488,/root/PriCE-1/dataset/1WSI/data/cnn_ensemble_updated/TCGA-E9-A1N3-01Z-00-DX1/patches/TCGA-E9-A1N3-01Z-00-DX1_5152_25088.png
17500,/root/PriCE-1/dataset/1WSI/data/cnn_ensemble_updated/TCGA-E9-A1N3-01Z-00-DX1/patches/TCGA-E9-A1N3-01Z-00-DX1_11872_12768.png
17506,/root/PriCE-1/dataset/1WSI/data/cnn_ensemble_updated/TCGA-E9-A1N3-01Z-00-DX1/patches/TCGA-E9-A1N3-01Z-00-DX1_46144_27552.png
17561,/root/PriCE-1/dataset/1WSI/data/cnn_ensemble_updated/TCGA-E9-A1N3-01Z-00-DX1/patches/TCGA-E9-A1N3-01Z-00-DX1_39648_30912.png
17573,/root/PriCE-1/dataset/1WSI/data/cnn_ensemble_updated/TCGA-E9-A1N3-01Z-00-DX1/patches/TCGA-E9-A1N3-01Z-00-DX1_35392_12992.png
17577,/root/PriCE-1/dataset/1WSI/data/cnn_ensemble_updated/TCGA-E9-A1N3-01Z-00-DX1/patches/TCGA-E9-A1N3-01Z-00-DX1_10752_17248.png
17586,/root/PriCE-1/dataset/1WSI/data/cnn_ensemble_updated/TCGA-E9-A1N3-01Z-00-DX1/patches/TCGA-E9-A1N3-01Z-00-DX1_9184_18368.png
17590,/root/PriCE-1/dataset/1WSI/data/cnn_ensemble_updated/TCGA-E9-A1N3-01Z-00-DX1/patches/TCGA-E9-A1N3-01Z-00-DX1_35616_32704.png
17625,/root/PriCE-1/dataset/1WSI/data/cnn_ensemble_updated/TCGA-E9-A1N3-01Z-00-DX1/patches/TCGA-E9-A1N3-01Z-00-DX1_47712_31584.png
17631,/root/PriCE-1/dataset/1WSI/data/cnn_ensemble_updated/TCGA-E9-A1N3-01Z-00-DX1/patches/TCGA-E9-A1N3-01Z-00-DX1_23296_26208.png
17636,/root/PriCE-1/dataset/1WSI/data/cnn_ensemble_updated/TCGA-E9-A1N3-01Z-00-DX1/patches/TCGA-E9-A1N3-01Z-00-DX1_17696_19040.png
17640,/root/PriCE-1/dataset/1WSI/data/cnn_ensemble_updated/TCGA-E9-A1N3-01Z-00-DX1/patches/TCGA-E9-A1N3-01Z-00-DX1_32480_26880.png
17641,/root/PriCE-1/dataset/1WSI/data/cnn_ensemble_updated/TCGA-E9-A1N3-01Z-00-DX1/patches/TCGA-E9-A1N3-01Z-00-DX1_32256_11872.png
17684,/root/PriCE-1/dataset/1WSI/data/cnn_ensemble_updated/TCGA-E9-A1N3-01Z-00-DX1/patches/TCGA-E9-A1N3-01Z-00-DX1_36736_16576.png
17696,/root/PriCE-1/dataset/1WSI/data/cnn_ensemble_updated/TCGA-E9-A1N3-01Z-00-DX1/patches/TCGA-E9-A1N3-01Z-00-DX1_20384_11872.png
17697,/root/PriCE-1/dataset/1WSI/data/cnn_ensemble_updated/TCGA-E9-A1N3-01Z-00-DX1/patches/TCGA-E9-A1N3-01Z-00-DX1_27328_26880.png
17705,/root/PriCE-1/dataset/1WSI/data/cnn_ensemble_updated/TCGA-E9-A1N3-01Z-00-DX1/patches/TCGA-E9-A1N3-01Z-00-DX1_23072_33376.png
17714,/root/PriCE-1/dataset/1WSI/data/cnn_ensemble_updated/TCGA-E9-A1N3-01Z-00-DX1/patches/TCGA-E9-A1N3-01Z-00-DX1_39424_14336.png
17719,/root/PriCE-1/dataset/1WSI/data/cnn_ensemble_updated/TCGA-E9-A1N3-01Z-00-DX1/patches/TCGA-E9-A1N3-01Z-00-DX1_47936_12544.png
17748,/root/PriCE-1/dataset/1WSI/data/cnn_ensemble_updated/TCGA-E9-A1N3-01Z-00-DX1/patches/TCGA-E9-A1N3-01Z-00-DX1_34272_13216.png
17750,/root/PriCE-1/dataset/1WSI/data/cnn_ensemble_updated/TCGA-E9-A1N3-01Z-00-DX1/patches/TCGA-E9-A1N3-01Z-00-DX1_25088_10752.png
17751,/root/PriCE-1/dataset/1WSI/data/cnn_ensemble_updated/TCGA-E9-A1N3-01Z-00-DX1/patches/TCGA-E9-A1N3-01Z-00-DX1_34944_12544.png
17759,/root/PriCE-1/dataset/1WSI/data/cnn_ensemble_updated/TCGA-E9-A1N3-01Z-00-DX1/patches/TCGA-E9-A1N3-01Z-00-DX1_25088_8288.png
17763,/root/PriCE-1/dataset/1WSI/data/cnn_ensemble_updated/TCGA-E9-A1N3-01Z-00-DX1/patches/TCGA-E9-A1N3-01Z-00-DX1_30464_15456.png
17786,/root/PriCE-1/dataset/1WSI/data/cnn_ensemble_updated/TCGA-E9-A1N3-01Z-00-DX1/patches/TCGA-E9-A1N3-01Z-00-DX1_31808_23968.png
17814,/root/PriCE-1/dataset/1WSI/data/cnn_ensemble_updated/TCGA-E9-A1N3-01Z-00-DX1/patches/TCGA-E9-A1N3-01Z-00-DX1_26208_22176.png
17828,/root/PriCE-1/dataset/1WSI/data/cnn_ensemble_updated/TCGA-E9-A1N3-01Z-00-DX1/patches/TCGA-E9-A1N3-01Z-00-DX1_36512_27552.png
17850,/root/PriCE-1/dataset/1WSI/data/cnn_ensemble_updated/TCGA-E9-A1N3-01Z-00-DX1/patches/TCGA-E9-A1N3-01Z-00-DX1_25760_33376.png
17866,/root/PriCE-1/dataset/1WSI/data/cnn_ensemble_updated/TCGA-E9-A1N3-01Z-00-DX1/patches/TCGA-E9-A1N3-01Z-00-DX1_30016_29792.png
17875,/root/PriCE-1/dataset/1WSI/data/cnn_ensemble_updated/TCGA-E9-A1N3-01Z-00-DX1/patches/TCGA-E9-A1N3-01Z-00-DX1_24416_29344.png
17903,/root/PriCE-1/dataset/1WSI/data/cnn_ensemble_updated/TCGA-E9-A1N3-01Z-00-DX1/patches/TCGA-E9-A1N3-01Z-00-DX1_28000_26880.png
17904,/root/PriCE-1/dataset/1WSI/data/cnn_ensemble_updated/TCGA-E9-A1N3-01Z-00-DX1/patches/TCGA-E9-A1N3-01Z-00-DX1_25984_10080.png
17909,/root/PriCE-1/dataset/1WSI/data/cnn_ensemble_updated/TCGA-E9-A1N3-01Z-00-DX1/patches/TCGA-E9-A1N3-01Z-00-DX1_37856_36064.png
17936,/root/PriCE-1/dataset/1WSI/data/cnn_ensemble_updated/TCGA-E9-A1N3-01Z-00-DX1/patches/TCGA-E9-A1N3-01Z-00-DX1_31584_18816.png
17973,/root/PriCE-1/dataset/1WSI/data/cnn_ensemble_updated/TCGA-E9-A1N3-01Z-00-DX1/patches/TCGA-E9-A1N3-01Z-00-DX1_32704_7392.png
17975,/root/PriCE-1/dataset/1WSI/data/cnn_ensemble_updated/TCGA-E9-A1N3-01Z-00-DX1/patches/TCGA-E9-A1N3-01Z-00-DX1_35616_28000.png
17981,/root/PriCE-1/dataset/1WSI/data/cnn_ensemble_updated/TCGA-E9-A1N3-01Z-00-DX1/patches/TCGA-E9-A1N3-01Z-00-DX1_10528_22848.png
17984,/root/PriCE-1/dataset/1WSI/data/cnn_ensemble_updated/TCGA-E9-A1N3-01Z-00-DX1/patches/TCGA-E9-A1N3-01Z-00-DX1_26656_8960.png
17988,/root/PriCE-1/dataset/1WSI/data/cnn_ensemble_updated/TCGA-E9-A1N3-01Z-00-DX1/patches/TCGA-E9-A1N3-01Z-00-DX1_36064_37856.png
17991,/root/PriCE-1/dataset/1WSI/data/cnn_ensemble_updated/TCGA-E9-A1N3-01Z-00-DX1/patches/TCGA-E9-A1N3-01Z-00-DX1_9408_21728.png
18018,/root/PriCE-1/dataset/1WSI/data/cnn_ensemble_updated/TCGA-E9-A1N3-01Z-00-DX1/patches/TCGA-E9-A1N3-01Z-00-DX1_10528_29120.png
18029,/root/PriCE-1/dataset/1WSI/data/cnn_ensemble_updated/TCGA-E9-A1N3-01Z-00-DX1/patches/TCGA-E9-A1N3-01Z-00-DX1_38752_19488.png
18039,/root/PriCE-1/dataset/1WSI/data/cnn_ensemble_updated/TCGA-E9-A1N3-01Z-00-DX1/patches/TCGA-E9-A1N3-01Z-00-DX1_29344_34944.png
18052,/root/PriCE-1/dataset/1WSI/data/cnn_ensemble_updated/TCGA-E9-A1N3-01Z-00-DX1/patches/TCGA-E9-A1N3-01Z-00-DX1_11200_15904.png
18069,/root/PriCE-1/dataset/1WSI/data/cnn_ensemble_updated/TCGA-E9-A1N3-01Z-00-DX1/patches/TCGA-E9-A1N3-01Z-00-DX1_35392_9632.png
18073,/root/PriCE-1/dataset/1WSI/data/cnn_ensemble_updated/TCGA-E9-A1N3-01Z-00-DX1/patches/TCGA-E9-A1N3-01Z-00-DX1_21504_28000.png
18083,/root/PriCE-1/dataset/1WSI/data/cnn_ensemble_updated/TCGA-E9-A1N3-01Z-00-DX1/patches/TCGA-E9-A1N3-01Z-00-DX1_47264_24192.png
18094,/root/PriCE-1/dataset/1WSI/data/cnn_ensemble_updated/TCGA-E9-A1N3-01Z-00-DX1/patches/TCGA-E9-A1N3-01Z-00-DX1_25312_19488.png
18108,/root/PriCE-1/dataset/1WSI/data/cnn_ensemble_updated/TCGA-E9-A1N3-01Z-00-DX1/patches/TCGA-E9-A1N3-01Z-00-DX1_20384_21280.png
18131,/root/PriCE-1/dataset/1WSI/data/cnn_ensemble_updated/TCGA-E9-A1N3-01Z-00-DX1/patches/TCGA-E9-A1N3-01Z-00-DX1_36512_14784.png
18150,/root/PriCE-1/dataset/1WSI/data/cnn_ensemble_updated/TCGA-E9-A1N3-01Z-00-DX1/patches/TCGA-E9-A1N3-01Z-00-DX1_38304_31360.png
18157,/root/PriCE-1/dataset/1WSI/data/cnn_ensemble_updated/TCGA-E9-A1N3-01Z-00-DX1/patches/TCGA-E9-A1N3-01Z-00-DX1_4928_15680.png
18165,/root/PriCE-1/dataset/1WSI/data/cnn_ensemble_updated/TCGA-E9-A1N3-01Z-00-DX1/patches/TCGA-E9-A1N3-01Z-00-DX1_16128_22400.png
18171,/root/PriCE-1/dataset/1WSI/data/cnn_ensemble_updated/TCGA-E9-A1N3-01Z-00-DX1/patches/TCGA-E9-A1N3-01Z-00-DX1_15680_29120.png
18174,/root/PriCE-1/dataset/1WSI/data/cnn_ensemble_updated/TCGA-E9-A1N3-01Z-00-DX1/patches/TCGA-E9-A1N3-01Z-00-DX1_40320_24192.png
18176,/root/PriCE-1/dataset/1WSI/data/cnn_ensemble_updated/TCGA-E9-A1N3-01Z-00-DX1/patches/TCGA-E9-A1N3-01Z-00-DX1_38976_8064.png
18182,/root/PriCE-1/dataset/1WSI/data/cnn_ensemble_updated/TCGA-E9-A1N3-01Z-00-DX1/patches/TCGA-E9-A1N3-01Z-00-DX1_30688_33600.png
18183,/root/PriCE-1/dataset/1WSI/data/cnn_ensemble_updated/TCGA-E9-A1N3-01Z-00-DX1/patches/TCGA-E9-A1N3-01Z-00-DX1_29344_15008.png
18188,/root/PriCE-1/dataset/1WSI/data/cnn_ensemble_updated/TCGA-E9-A1N3-01Z-00-DX1/patches/TCGA-E9-A1N3-01Z-00-DX1_8288_22400.png
18197,/root/PriCE-1/dataset/1WSI/data/cnn_ensemble_updated/TCGA-E9-A1N3-01Z-00-DX1/patches/TCGA-E9-A1N3-01Z-00-DX1_34272_15680.png
18204,/root/PriCE-1/dataset/1WSI/data/cnn_ensemble_updated/TCGA-E9-A1N3-01Z-00-DX1/patches/TCGA-E9-A1N3-01Z-00-DX1_21280_28672.png
18206,/root/PriCE-1/dataset/1WSI/data/cnn_ensemble_updated/TCGA-E9-A1N3-01Z-00-DX1/patches/TCGA-E9-A1N3-01Z-00-DX1_28000_34720.png
18218,/root/PriCE-1/dataset/1WSI/data/cnn_ensemble_updated/TCGA-E9-A1N3-01Z-00-DX1/patches/TCGA-E9-A1N3-01Z-00-DX1_39200_8960.png
18241,/root/PriCE-1/dataset/1WSI/data/cnn_ensemble_updated/TCGA-E9-A1N3-01Z-00-DX1/patches/TCGA-E9-A1N3-01Z-00-DX1_38080_22848.png
18256,/root/PriCE-1/dataset/1WSI/data/cnn_ensemble_updated/TCGA-E9-A1N3-01Z-00-DX1/patches/TCGA-E9-A1N3-01Z-00-DX1_21056_24864.png
18264,/root/PriCE-1/dataset/1WSI/data/cnn_ensemble_updated/TCGA-E9-A1N3-01Z-00-DX1/patches/TCGA-E9-A1N3-01Z-00-DX1_24192_24192.png
18292,/root/PriCE-1/dataset/1WSI/data/cnn_ensemble_updated/TCGA-E9-A1N3-01Z-00-DX1/patches/TCGA-E9-A1N3-01Z-00-DX1_12320_21056.png
18337,/root/PriCE-1/dataset/1WSI/data/cnn_ensemble_updated/TCGA-E9-A1N3-01Z-00-DX1/patches/TCGA-E9-A1N3-01Z-00-DX1_38304_11648.png
18342,/root/PriCE-1/dataset/1WSI/data/cnn_ensemble_updated/TCGA-E9-A1N3-01Z-00-DX1/patches/TCGA-E9-A1N3-01Z-00-DX1_35168_22176.png
18352,/root/PriCE-1/dataset/1WSI/data/cnn_ensemble_updated/TCGA-E9-A1N3-01Z-00-DX1/patches/TCGA-E9-A1N3-01Z-00-DX1_33600_17920.png
18401,/root/PriCE-1/dataset/1WSI/data/cnn_ensemble_updated/TCGA-E9-A1N3-01Z-00-DX1/patches/TCGA-E9-A1N3-01Z-00-DX1_22848_31136.png
18417,/root/PriCE-1/dataset/1WSI/data/cnn_ensemble_updated/TCGA-E9-A1N3-01Z-00-DX1/patches/TCGA-E9-A1N3-01Z-00-DX1_33600_10080.png
18434,/root/PriCE-1/dataset/1WSI/data/cnn_ensemble_updated/TCGA-E9-A1N3-01Z-00-DX1/patches/TCGA-E9-A1N3-01Z-00-DX1_5152_18144.png
18450,/root/PriCE-1/dataset/1WSI/data/cnn_ensemble_updated/TCGA-E9-A1N3-01Z-00-DX1/patches/TCGA-E9-A1N3-01Z-00-DX1_6272_25312.png
18460,/root/PriCE-1/dataset/1WSI/data/cnn_ensemble_updated/TCGA-E9-A1N3-01Z-00-DX1/patches/TCGA-E9-A1N3-01Z-00-DX1_34496_19488.png
18474,/root/PriCE-1/dataset/1WSI/data/cnn_ensemble_updated/TCGA-E9-A1N3-01Z-00-DX1/patches/TCGA-E9-A1N3-01Z-00-DX1_30912_25312.png
18485,/root/PriCE-1/dataset/1WSI/data/cnn_ensemble_updated/TCGA-E9-A1N3-01Z-00-DX1/patches/TCGA-E9-A1N3-01Z-00-DX1_36960_23744.png
18493,/root/PriCE-1/dataset/1WSI/data/cnn_ensemble_updated/TCGA-E9-A1N3-01Z-00-DX1/patches/TCGA-E9-A1N3-01Z-00-DX1_10752_15680.png
18501,/root/PriCE-1/dataset/1WSI/data/cnn_ensemble_updated/TCGA-E9-A1N3-01Z-00-DX1/patches/TCGA-E9-A1N3-01Z-00-DX1_37632_14336.png
18504,/root/PriCE-1/dataset/1WSI/data/cnn_ensemble_updated/TCGA-E9-A1N3-01Z-00-DX1/patches/TCGA-E9-A1N3-01Z-00-DX1_35840_11200.png
18507,/root/PriCE-1/dataset/1WSI/data/cnn_ensemble_updated/TCGA-E9-A1N3-01Z-00-DX1/patches/TCGA-E9-A1N3-01Z-00-DX1_45472_35840.png
18513,/root/PriCE-1/dataset/1WSI/data/cnn_ensemble_updated/TCGA-E9-A1N3-01Z-00-DX1/patches/TCGA-E9-A1N3-01Z-00-DX1_35840_20608.png
18530,/root/PriCE-1/dataset/1WSI/data/cnn_ensemble_updated/TCGA-E9-A1N3-01Z-00-DX1/patches/TCGA-E9-A1N3-01Z-00-DX1_12768_20608.png
18538,/root/PriCE-1/dataset/1WSI/data/cnn_ensemble_updated/TCGA-E9-A1N3-01Z-00-DX1/patches/TCGA-E9-A1N3-01Z-00-DX1_17024_12096.png
18546,/root/PriCE-1/dataset/1WSI/data/cnn_ensemble_updated/TCGA-E9-A1N3-01Z-00-DX1/patches/TCGA-E9-A1N3-01Z-00-DX1_42784_21280.png
18547,/root/PriCE-1/dataset/1WSI/data/cnn_ensemble_updated/TCGA-E9-A1N3-01Z-00-DX1/patches/TCGA-E9-A1N3-01Z-00-DX1_30688_37408.png
18564,/root/PriCE-1/dataset/1WSI/data/cnn_ensemble_updated/TCGA-E9-A1N3-01Z-00-DX1/patches/TCGA-E9-A1N3-01Z-00-DX1_8512_21504.png
18569,/root/PriCE-1/dataset/1WSI/data/cnn_ensemble_updated/TCGA-E9-A1N3-01Z-00-DX1/patches/TCGA-E9-A1N3-01Z-00-DX1_38304_20160.png
18575,/root/PriCE-1/dataset/1WSI/data/cnn_ensemble_updated/TCGA-E9-A1N3-01Z-00-DX1/patches/TCGA-E9-A1N3-01Z-00-DX1_34720_16128.png
18590,/root/PriCE-1/dataset/1WSI/data/cnn_ensemble_updated/TCGA-E9-A1N3-01Z-00-DX1/patches/TCGA-E9-A1N3-01Z-00-DX1_14560_21056.png
18594,/root/PriCE-1/dataset/1WSI/data/cnn_ensemble_updated/TCGA-E9-A1N3-01Z-00-DX1/patches/TCGA-E9-A1N3-01Z-00-DX1_34720_9184.png
18596,/root/PriCE-1/dataset/1WSI/data/cnn_ensemble_updated/TCGA-E9-A1N3-01Z-00-DX1/patches/TCGA-E9-A1N3-01Z-00-DX1_37632_39200.png
18601,/root/PriCE-1/dataset/1WSI/data/cnn_ensemble_updated/TCGA-E9-A1N3-01Z-00-DX1/patches/TCGA-E9-A1N3-01Z-00-DX1_31136_11872.png
18603,/root/PriCE-1/dataset/1WSI/data/cnn_ensemble_updated/TCGA-E9-A1N3-01Z-00-DX1/patches/TCGA-E9-A1N3-01Z-00-DX1_11200_14560.png
18609,/root/PriCE-1/dataset/1WSI/data/cnn_ensemble_updated/TCGA-E9-A1N3-01Z-00-DX1/patches/TCGA-E9-A1N3-01Z-00-DX1_28224_26432.png
18668,/root/PriCE-1/dataset/1WSI/data/cnn_ensemble_updated/TCGA-E9-A1N3-01Z-00-DX1/patches/TCGA-E9-A1N3-01Z-00-DX1_32256_15456.png
18691,/root/PriCE-1/dataset/1WSI/data/cnn_ensemble_updated/TCGA-E9-A1N3-01Z-00-DX1/patches/TCGA-E9-A1N3-01Z-00-DX1_35616_36736.png
18702,/root/PriCE-1/dataset/1WSI/data/cnn_ensemble_updated/TCGA-E9-A1N3-01Z-00-DX1/patches/TCGA-E9-A1N3-01Z-00-DX1_42784_24192.png
18709,/root/PriCE-1/dataset/1WSI/data/cnn_ensemble_updated/TCGA-E9-A1N3-01Z-00-DX1/patches/TCGA-E9-A1N3-01Z-00-DX1_42336_27104.png
18722,/root/PriCE-1/dataset/1WSI/data/cnn_ensemble_updated/TCGA-E9-A1N3-01Z-00-DX1/patches/TCGA-E9-A1N3-01Z-00-DX1_15008_27328.png
18733,/root/PriCE-1/dataset/1WSI/data/cnn_ensemble_updated/TCGA-E9-A1N3-01Z-00-DX1/patches/TCGA-E9-A1N3-01Z-00-DX1_17696_29344.png
18739,/root/PriCE-1/dataset/1WSI/data/cnn_ensemble_updated/TCGA-E9-A1N3-01Z-00-DX1/patches/TCGA-E9-A1N3-01Z-00-DX1_49504_26656.png
18742,/root/PriCE-1/dataset/1WSI/data/cnn_ensemble_updated/TCGA-E9-A1N3-01Z-00-DX1/patches/TCGA-E9-A1N3-01Z-00-DX1_43904_18816.png
18744,/root/PriCE-1/dataset/1WSI/data/cnn_ensemble_updated/TCGA-E9-A1N3-01Z-00-DX1/patches/TCGA-E9-A1N3-01Z-00-DX1_9184_23968.png
18761,/root/PriCE-1/dataset/1WSI/data/cnn_ensemble_updated/TCGA-E9-A1N3-01Z-00-DX1/patches/TCGA-E9-A1N3-01Z-00-DX1_25984_34048.png
18764,/root/PriCE-1/dataset/1WSI/data/cnn_ensemble_updated/TCGA-E9-A1N3-01Z-00-DX1/patches/TCGA-E9-A1N3-01Z-00-DX1_32256_11648.png
18765,/root/PriCE-1/dataset/1WSI/data/cnn_ensemble_updated/TCGA-E9-A1N3-01Z-00-DX1/patches/TCGA-E9-A1N3-01Z-00-DX1_21952_20832.png
18766,/root/PriCE-1/dataset/1WSI/data/cnn_ensemble_updated/TCGA-E9-A1N3-01Z-00-DX1/patches/TCGA-E9-A1N3-01Z-00-DX1_5376_23296.png
18767,/root/PriCE-1/dataset/1WSI/data/cnn_ensemble_updated/TCGA-E9-A1N3-01Z-00-DX1/patches/TCGA-E9-A1N3-01Z-00-DX1_28224_34944.png
18770,/root/PriCE-1/dataset/1WSI/data/cnn_ensemble_updated/TCGA-E9-A1N3-01Z-00-DX1/patches/TCGA-E9-A1N3-01Z-00-DX1_25312_28896.png
18778,/root/PriCE-1/dataset/1WSI/data/cnn_ensemble_updated/TCGA-E9-A1N3-01Z-00-DX1/patches/TCGA-E9-A1N3-01Z-00-DX1_30240_23968.png
18782,/root/PriCE-1/dataset/1WSI/data/cnn_ensemble_updated/TCGA-E9-A1N3-01Z-00-DX1/patches/TCGA-E9-A1N3-01Z-00-DX1_11872_20384.png
18785,/root/PriCE-1/dataset/1WSI/data/cnn_ensemble_updated/TCGA-E9-A1N3-01Z-00-DX1/patches/TCGA-E9-A1N3-01Z-00-DX1_27776_32704.png
18786,/root/PriCE-1/dataset/1WSI/data/cnn_ensemble_updated/TCGA-E9-A1N3-01Z-00-DX1/patches/TCGA-E9-A1N3-01Z-00-DX1_7392_20160.png
18795,/root/PriCE-1/dataset/1WSI/data/cnn_ensemble_updated/TCGA-E9-A1N3-01Z-00-DX1/patches/TCGA-E9-A1N3-01Z-00-DX1_20384_13216.png
18817,/root/PriCE-1/dataset/1WSI/data/cnn_ensemble_updated/TCGA-E9-A1N3-01Z-00-DX1/patches/TCGA-E9-A1N3-01Z-00-DX1_45696_34048.png
18818,/root/PriCE-1/dataset/1WSI/data/cnn_ensemble_updated/TCGA-E9-A1N3-01Z-00-DX1/patches/TCGA-E9-A1N3-01Z-00-DX1_43232_13888.png
18828,/root/PriCE-1/dataset/1WSI/data/cnn_ensemble_updated/TCGA-E9-A1N3-01Z-00-DX1/patches/TCGA-E9-A1N3-01Z-00-DX1_5376_24864.png
18830,/root/PriCE-1/dataset/1WSI/data/cnn_ensemble_updated/TCGA-E9-A1N3-01Z-00-DX1/patches/TCGA-E9-A1N3-01Z-00-DX1_4480_15904.png
18835,/root/PriCE-1/dataset/1WSI/data/cnn_ensemble_updated/TCGA-E9-A1N3-01Z-00-DX1/patches/TCGA-E9-A1N3-01Z-00-DX1_18144_23072.png
18840,/root/PriCE-1/dataset/1WSI/data/cnn_ensemble_updated/TCGA-E9-A1N3-01Z-00-DX1/patches/TCGA-E9-A1N3-01Z-00-DX1_32032_34720.png
18852,/root/PriCE-1/dataset/1WSI/data/cnn_ensemble_updated/TCGA-E9-A1N3-01Z-00-DX1/patches/TCGA-E9-A1N3-01Z-00-DX1_40768_21504.png
18854,/root/PriCE-1/dataset/1WSI/data/cnn_ensemble_updated/TCGA-E9-A1N3-01Z-00-DX1/patches/TCGA-E9-A1N3-01Z-00-DX1_30464_36064.png
18867,/root/PriCE-1/dataset/1WSI/data/cnn_ensemble_updated/TCGA-E9-A1N3-01Z-00-DX1/patches/TCGA-E9-A1N3-01Z-00-DX1_39424_17920.png
18871,/root/PriCE-1/dataset/1WSI/data/cnn_ensemble_updated/TCGA-E9-A1N3-01Z-00-DX1/patches/TCGA-E9-A1N3-01Z-00-DX1_45248_26880.png
18895,/root/PriCE-1/dataset/1WSI/data/cnn_ensemble_updated/TCGA-E9-A1N3-01Z-00-DX1/patches/TCGA-E9-A1N3-01Z-00-DX1_30688_12096.png
18904,/root/PriCE-1/dataset/1WSI/data/cnn_ensemble_updated/TCGA-E9-A1N3-01Z-00-DX1/patches/TCGA-E9-A1N3-01Z-00-DX1_43456_31808.png
18908,/root/PriCE-1/dataset/1WSI/data/cnn_ensemble_updated/TCGA-E9-A1N3-01Z-00-DX1/patches/TCGA-E9-A1N3-01Z-00-DX1_20384_16352.png
18910,/root/PriCE-1/dataset/1WSI/data/cnn_ensemble_updated/TCGA-E9-A1N3-01Z-00-DX1/patches/TCGA-E9-A1N3-01Z-00-DX1_27776_34944.png
18924,/root/PriCE-1/dataset/1WSI/data/cnn_ensemble_updated/TCGA-E9-A1N3-01Z-00-DX1/patches/TCGA-E9-A1N3-01Z-00-DX1_42112_22176.png
18927,/root/PriCE-1/dataset/1WSI/data/cnn_ensemble_updated/TCGA-E9-A1N3-01Z-00-DX1/patches/TCGA-E9-A1N3-01Z-00-DX1_29344_29120.png
18941,/root/PriCE-1/dataset/1WSI/data/cnn_ensemble_updated/TCGA-E9-A1N3-01Z-00-DX1/patches/TCGA-E9-A1N3-01Z-00-DX1_5376_17920.png
18953,/root/PriCE-1/dataset/1WSI/data/cnn_ensemble_updated/TCGA-E9-A1N3-01Z-00-DX1/patches/TCGA-E9-A1N3-01Z-00-DX1_42560_12544.png
18992,/root/PriCE-1/dataset/1WSI/data/cnn_ensemble_updated/TCGA-E9-A1N3-01Z-00-DX1/patches/TCGA-E9-A1N3-01Z-00-DX1_26880_34720.png
19023,/root/PriCE-1/dataset/1WSI/data/cnn_ensemble_updated/TCGA-E9-A1N3-01Z-00-DX1/patches/TCGA-E9-A1N3-01Z-00-DX1_12096_17920.png
19025,/root/PriCE-1/dataset/1WSI/data/cnn_ensemble_updated/TCGA-E9-A1N3-01Z-00-DX1/patches/TCGA-E9-A1N3-01Z-00-DX1_38080_38528.png
19026,/root/PriCE-1/dataset/1WSI/data/cnn_ensemble_updated/TCGA-E9-A1N3-01Z-00-DX1/patches/TCGA-E9-A1N3-01Z-00-DX1_41888_16352.png
19033,/root/PriCE-1/dataset/1WSI/data/cnn_ensemble_updated/TCGA-E9-A1N3-01Z-00-DX1/patches/TCGA-E9-A1N3-01Z-00-DX1_8288_17920.png
19039,/root/PriCE-1/dataset/1WSI/data/cnn_ensemble_updated/TCGA-E9-A1N3-01Z-00-DX1/patches/TCGA-E9-A1N3-01Z-00-DX1_39872_8960.png
19040,/root/PriCE-1/dataset/1WSI/data/cnn_ensemble_updated/TCGA-E9-A1N3-01Z-00-DX1/patches/TCGA-E9-A1N3-01Z-00-DX1_35616_23520.png
19047,/root/PriCE-1/dataset/1WSI/data/cnn_ensemble_updated/TCGA-E9-A1N3-01Z-00-DX1/patches/TCGA-E9-A1N3-01Z-00-DX1_34720_17472.png
19053,/root/PriCE-1/dataset/1WSI/data/cnn_ensemble_updated/TCGA-E9-A1N3-01Z-00-DX1/patches/TCGA-E9-A1N3-01Z-00-DX1_25536_8960.png
19070,/root/PriCE-1/dataset/1WSI/data/cnn_ensemble_updated/TCGA-E9-A1N3-01Z-00-DX1/patches/TCGA-E9-A1N3-01Z-00-DX1_35168_8736.png
19074,/root/PriCE-1/dataset/1WSI/data/cnn_ensemble_updated/TCGA-E9-A1N3-01Z-00-DX1/patches/TCGA-E9-A1N3-01Z-00-DX1_28448_16800.png
19085,/root/PriCE-1/dataset/1WSI/data/cnn_ensemble_updated/TCGA-E9-A1N3-01Z-00-DX1/patches/TCGA-E9-A1N3-01Z-00-DX1_21952_17248.png
19086,/root/PriCE-1/dataset/1WSI/data/cnn_ensemble_updated/TCGA-E9-A1N3-01Z-00-DX1/patches/TCGA-E9-A1N3-01Z-00-DX1_42112_16800.png
19093,/root/PriCE-1/dataset/1WSI/data/cnn_ensemble_updated/TCGA-E9-A1N3-01Z-00-DX1/patches/TCGA-E9-A1N3-01Z-00-DX1_33376_10528.png
19094,/root/PriCE-1/dataset/1WSI/data/cnn_ensemble_updated/TCGA-E9-A1N3-01Z-00-DX1/patches/TCGA-E9-A1N3-01Z-00-DX1_10304_28000.png
19097,/root/PriCE-1/dataset/1WSI/data/cnn_ensemble_updated/TCGA-E9-A1N3-01Z-00-DX1/patches/TCGA-E9-A1N3-01Z-00-DX1_42560_27552.png
19100,/root/PriCE-1/dataset/1WSI/data/cnn_ensemble_updated/TCGA-E9-A1N3-01Z-00-DX1/patches/TCGA-E9-A1N3-01Z-00-DX1_40544_17920.png
19120,/root/PriCE-1/dataset/1WSI/data/cnn_ensemble_updated/TCGA-E9-A1N3-01Z-00-DX1/patches/TCGA-E9-A1N3-01Z-00-DX1_8288_13664.png
19125,/root/PriCE-1/dataset/1WSI/data/cnn_ensemble_updated/TCGA-E9-A1N3-01Z-00-DX1/patches/TCGA-E9-A1N3-01Z-00-DX1_9632_24864.png
19130,/root/PriCE-1/dataset/1WSI/data/cnn_ensemble_updated/TCGA-E9-A1N3-01Z-00-DX1/patches/TCGA-E9-A1N3-01Z-00-DX1_29344_15456.png
19133,/root/PriCE-1/dataset/1WSI/data/cnn_ensemble_updated/TCGA-E9-A1N3-01Z-00-DX1/patches/TCGA-E9-A1N3-01Z-00-DX1_28000_30688.png
19134,/root/PriCE-1/dataset/1WSI/data/cnn_ensemble_updated/TCGA-E9-A1N3-01Z-00-DX1/patches/TCGA-E9-A1N3-01Z-00-DX1_15008_27552.png
19149,/root/PriCE-1/dataset/1WSI/data/cnn_ensemble_updated/TCGA-E9-A1N3-01Z-00-DX1/patches/TCGA-E9-A1N3-01Z-00-DX1_8960_13664.png
19162,/root/PriCE-1/dataset/1WSI/data/cnn_ensemble_updated/TCGA-E9-A1N3-01Z-00-DX1/patches/TCGA-E9-A1N3-01Z-00-DX1_7168_15904.png
19164,/root/PriCE-1/dataset/1WSI/data/cnn_ensemble_updated/TCGA-E9-A1N3-01Z-00-DX1/patches/TCGA-E9-A1N3-01Z-00-DX1_27104_22848.png
19166,/root/PriCE-1/dataset/1WSI/data/cnn_ensemble_updated/TCGA-E9-A1N3-01Z-00-DX1/patches/TCGA-E9-A1N3-01Z-00-DX1_20384_20608.png
19169,/root/PriCE-1/dataset/1WSI/data/cnn_ensemble_updated/TCGA-E9-A1N3-01Z-00-DX1/patches/TCGA-E9-A1N3-01Z-00-DX1_26880_15456.png
19173,/root/PriCE-1/dataset/1WSI/data/cnn_ensemble_updated/TCGA-E9-A1N3-01Z-00-DX1/patches/TCGA-E9-A1N3-01Z-00-DX1_26880_15680.png
19175,/root/PriCE-1/dataset/1WSI/data/cnn_ensemble_updated/TCGA-E9-A1N3-01Z-00-DX1/patches/TCGA-E9-A1N3-01Z-00-DX1_44352_21504.png
19180,/root/PriCE-1/dataset/1WSI/data/cnn_ensemble_updated/TCGA-E9-A1N3-01Z-00-DX1/patches/TCGA-E9-A1N3-01Z-00-DX1_11872_13216.png
19186,/root/PriCE-1/dataset/1WSI/data/cnn_ensemble_updated/TCGA-E9-A1N3-01Z-00-DX1/patches/TCGA-E9-A1N3-01Z-00-DX1_33152_33152.png
19191,/root/PriCE-1/dataset/1WSI/data/cnn_ensemble_updated/TCGA-E9-A1N3-01Z-00-DX1/patches/TCGA-E9-A1N3-01Z-00-DX1_44576_21728.png
19200,/root/PriCE-1/dataset/1WSI/data/cnn_ensemble_updated/TCGA-E9-A1N3-01Z-00-DX1/patches/TCGA-E9-A1N3-01Z-00-DX1_19936_30016.png
19217,/root/PriCE-1/dataset/1WSI/data/cnn_ensemble_updated/TCGA-E9-A1N3-01Z-00-DX1/patches/TCGA-E9-A1N3-01Z-00-DX1_32928_22176.png
19244,/root/PriCE-1/dataset/1WSI/data/cnn_ensemble_updated/TCGA-E9-A1N3-01Z-00-DX1/patches/TCGA-E9-A1N3-01Z-00-DX1_34272_8064.png
19264,/root/PriCE-1/dataset/1WSI/data/cnn_ensemble_updated/TCGA-E9-A1N3-01Z-00-DX1/patches/TCGA-E9-A1N3-01Z-00-DX1_40320_24864.png
19270,/root/PriCE-1/dataset/1WSI/data/cnn_ensemble_updated/TCGA-E9-A1N3-01Z-00-DX1/patches/TCGA-E9-A1N3-01Z-00-DX1_38976_38976.png
19283,/root/PriCE-1/dataset/1WSI/data/cnn_ensemble_updated/TCGA-E9-A1N3-01Z-00-DX1/patches/TCGA-E9-A1N3-01Z-00-DX1_35392_16352.png
19284,/root/PriCE-1/dataset/1WSI/data/cnn_ensemble_updated/TCGA-E9-A1N3-01Z-00-DX1/patches/TCGA-E9-A1N3-01Z-00-DX1_12320_18368.png
19290,/root/PriCE-1/dataset/1WSI/data/cnn_ensemble_updated/TCGA-E9-A1N3-01Z-00-DX1/patches/TCGA-E9-A1N3-01Z-00-DX1_9408_20160.png
19302,/root/PriCE-1/dataset/1WSI/data/cnn_ensemble_updated/TCGA-E9-A1N3-01Z-00-DX1/patches/TCGA-E9-A1N3-01Z-00-DX1_33600_25312.png
19307,/root/PriCE-1/dataset/1WSI/data/cnn_ensemble_updated/TCGA-E9-A1N3-01Z-00-DX1/patches/TCGA-E9-A1N3-01Z-00-DX1_35392_26656.png
19311,/root/PriCE-1/dataset/1WSI/data/cnn_ensemble_updated/TCGA-E9-A1N3-01Z-00-DX1/patches/TCGA-E9-A1N3-01Z-00-DX1_41216_27328.png
19312,/root/PriCE-1/dataset/1WSI/data/cnn_ensemble_updated/TCGA-E9-A1N3-01Z-00-DX1/patches/TCGA-E9-A1N3-01Z-00-DX1_24864_34496.png
19316,/root/PriCE-1/dataset/1WSI/data/cnn_ensemble_updated/TCGA-E9-A1N3-01Z-00-DX1/patches/TCGA-E9-A1N3-01Z-00-DX1_37856_10752.png
19326,/root/PriCE-1/dataset/1WSI/data/cnn_ensemble_updated/TCGA-E9-A1N3-01Z-00-DX1/patches/TCGA-E9-A1N3-01Z-00-DX1_10304_16352.png
19328,/root/PriCE-1/dataset/1WSI/data/cnn_ensemble_updated/TCGA-E9-A1N3-01Z-00-DX1/patches/TCGA-E9-A1N3-01Z-00-DX1_39648_18368.png
19331,/root/PriCE-1/dataset/1WSI/data/cnn_ensemble_updated/TCGA-E9-A1N3-01Z-00-DX1/patches/TCGA-E9-A1N3-01Z-00-DX1_20160_30912.png
19332,/root/PriCE-1/dataset/1WSI/data/cnn_ensemble_updated/TCGA-E9-A1N3-01Z-00-DX1/patches/TCGA-E9-A1N3-01Z-00-DX1_44352_18144.png
19338,/root/PriCE-1/dataset/1WSI/data/cnn_ensemble_updated/TCGA-E9-A1N3-01Z-00-DX1/patches/TCGA-E9-A1N3-01Z-00-DX1_29792_34048.png
19342,/root/PriCE-1/dataset/1WSI/data/cnn_ensemble_updated/TCGA-E9-A1N3-01Z-00-DX1/patches/TCGA-E9-A1N3-01Z-00-DX1_32928_25984.png
19346,/root/PriCE-1/dataset/1WSI/data/cnn_ensemble_updated/TCGA-E9-A1N3-01Z-00-DX1/patches/TCGA-E9-A1N3-01Z-00-DX1_28896_22176.png
19350,/root/PriCE-1/dataset/1WSI/data/cnn_ensemble_updated/TCGA-E9-A1N3-01Z-00-DX1/patches/TCGA-E9-A1N3-01Z-00-DX1_6944_21280.png
19371,/root/PriCE-1/dataset/1WSI/data/cnn_ensemble_updated/TCGA-E9-A1N3-01Z-00-DX1/patches/TCGA-E9-A1N3-01Z-00-DX1_43232_25312.png
19377,/root/PriCE-1/dataset/1WSI/data/cnn_ensemble_updated/TCGA-E9-A1N3-01Z-00-DX1/patches/TCGA-E9-A1N3-01Z-00-DX1_9408_15680.png
19390,/root/PriCE-1/dataset/1WSI/data/cnn_ensemble_updated/TCGA-E9-A1N3-01Z-00-DX1/patches/TCGA-E9-A1N3-01Z-00-DX1_29344_20832.png
19402,/root/PriCE-1/dataset/1WSI/data/cnn_ensemble_updated/TCGA-E9-A1N3-01Z-00-DX1/patches/TCGA-E9-A1N3-01Z-00-DX1_26432_11200.png
19406,/root/PriCE-1/dataset/1WSI/data/cnn_ensemble_updated/TCGA-E9-A1N3-01Z-00-DX1/patches/TCGA-E9-A1N3-01Z-00-DX1_21280_22400.png
19409,/root/PriCE-1/dataset/1WSI/data/cnn_ensemble_updated/TCGA-E9-A1N3-01Z-00-DX1/patches/TCGA-E9-A1N3-01Z-00-DX1_42112_18368.png
19415,/root/PriCE-1/dataset/1WSI/data/cnn_ensemble_updated/TCGA-E9-A1N3-01Z-00-DX1/patches/TCGA-E9-A1N3-01Z-00-DX1_48832_29568.png
19423,/root/PriCE-1/dataset/1WSI/data/cnn_ensemble_updated/TCGA-E9-A1N3-01Z-00-DX1/patches/TCGA-E9-A1N3-01Z-00-DX1_38528_28672.png
19429,/root/PriCE-1/dataset/1WSI/data/cnn_ensemble_updated/TCGA-E9-A1N3-01Z-00-DX1/patches/TCGA-E9-A1N3-01Z-00-DX1_40096_32032.png
19437,/root/PriCE-1/dataset/1WSI/data/cnn_ensemble_updated/TCGA-E9-A1N3-01Z-00-DX1/patches/TCGA-E9-A1N3-01Z-00-DX1_17248_15008.png
19457,/root/PriCE-1/dataset/1WSI/data/cnn_ensemble_updated/TCGA-E9-A1N3-01Z-00-DX1/patches/TCGA-E9-A1N3-01Z-00-DX1_6496_14112.png
19458,/root/PriCE-1/dataset/1WSI/data/cnn_ensemble_updated/TCGA-E9-A1N3-01Z-00-DX1/patches/TCGA-E9-A1N3-01Z-00-DX1_48832_28448.png
19466,/root/PriCE-1/dataset/1WSI/data/cnn_ensemble_updated/TCGA-E9-A1N3-01Z-00-DX1/patches/TCGA-E9-A1N3-01Z-00-DX1_39424_8288.png
19474,/root/PriCE-1/dataset/1WSI/data/cnn_ensemble_updated/TCGA-E9-A1N3-01Z-00-DX1/patches/TCGA-E9-A1N3-01Z-00-DX1_14560_16800.png
19475,/root/PriCE-1/dataset/1WSI/data/cnn_ensemble_updated/TCGA-E9-A1N3-01Z-00-DX1/patches/TCGA-E9-A1N3-01Z-00-DX1_32928_9184.png
19522,/root/PriCE-1/dataset/1WSI/data/cnn_ensemble_updated/TCGA-E9-A1N3-01Z-00-DX1/patches/TCGA-E9-A1N3-01Z-00-DX1_38528_9184.png
19535,/root/PriCE-1/dataset/1WSI/data/cnn_ensemble_updated/TCGA-E9-A1N3-01Z-00-DX1/patches/TCGA-E9-A1N3-01Z-00-DX1_16352_30912.png
19539,/root/PriCE-1/dataset/1WSI/data/cnn_ensemble_updated/TCGA-E9-A1N3-01Z-00-DX1/patches/TCGA-E9-A1N3-01Z-00-DX1_33600_28000.png
19544,/root/PriCE-1/dataset/1WSI/data/cnn_ensemble_updated/TCGA-E9-A1N3-01Z-00-DX1/patches/TCGA-E9-A1N3-01Z-00-DX1_17472_20608.png
19548,/root/PriCE-1/dataset/1WSI/data/cnn_ensemble_updated/TCGA-E9-A1N3-01Z-00-DX1/patches/TCGA-E9-A1N3-01Z-00-DX1_29344_35616.png
19550,/root/PriCE-1/dataset/1WSI/data/cnn_ensemble_updated/TCGA-E9-A1N3-01Z-00-DX1/patches/TCGA-E9-A1N3-01Z-00-DX1_24416_22848.png
19554,/root/PriCE-1/dataset/1WSI/data/cnn_ensemble_updated/TCGA-E9-A1N3-01Z-00-DX1/patches/TCGA-E9-A1N3-01Z-00-DX1_27328_7616.png
19561,/root/PriCE-1/dataset/1WSI/data/cnn_ensemble_updated/TCGA-E9-A1N3-01Z-00-DX1/patches/TCGA-E9-A1N3-01Z-00-DX1_13440_19040.png
19565,/root/PriCE-1/dataset/1WSI/data/cnn_ensemble_updated/TCGA-E9-A1N3-01Z-00-DX1/patches/TCGA-E9-A1N3-01Z-00-DX1_18368_25760.png
19567,/root/PriCE-1/dataset/1WSI/data/cnn_ensemble_updated/TCGA-E9-A1N3-01Z-00-DX1/patches/TCGA-E9-A1N3-01Z-00-DX1_32480_23744.png
19569,/root/PriCE-1/dataset/1WSI/data/cnn_ensemble_updated/TCGA-E9-A1N3-01Z-00-DX1/patches/TCGA-E9-A1N3-01Z-00-DX1_34048_39872.png
19598,/root/PriCE-1/dataset/1WSI/data/cnn_ensemble_updated/TCGA-E9-A1N3-01Z-00-DX1/patches/TCGA-E9-A1N3-01Z-00-DX1_22176_25312.png
19599,/root/PriCE-1/dataset/1WSI/data/cnn_ensemble_updated/TCGA-E9-A1N3-01Z-00-DX1/patches/TCGA-E9-A1N3-01Z-00-DX1_42336_30240.png
19600,/root/PriCE-1/dataset/1WSI/data/cnn_ensemble_updated/TCGA-E9-A1N3-01Z-00-DX1/patches/TCGA-E9-A1N3-01Z-00-DX1_40320_33824.png
19601,/root/PriCE-1/dataset/1WSI/data/cnn_ensemble_updated/TCGA-E9-A1N3-01Z-00-DX1/patches/TCGA-E9-A1N3-01Z-00-DX1_42784_12992.png
19602,/root/PriCE-1/dataset/1WSI/data/cnn_ensemble_updated/TCGA-E9-A1N3-01Z-00-DX1/patches/TCGA-E9-A1N3-01Z-00-DX1_16128_22624.png
19605,/root/PriCE-1/dataset/1WSI/data/cnn_ensemble_updated/TCGA-E9-A1N3-01Z-00-DX1/patches/TCGA-E9-A1N3-01Z-00-DX1_43904_17920.png
19611,/root/PriCE-1/dataset/1WSI/data/cnn_ensemble_updated/TCGA-E9-A1N3-01Z-00-DX1/patches/TCGA-E9-A1N3-01Z-00-DX1_37856_33376.png
19613,/root/PriCE-1/dataset/1WSI/data/cnn_ensemble_updated/TCGA-E9-A1N3-01Z-00-DX1/patches/TCGA-E9-A1N3-01Z-00-DX1_36288_6048.png
19620,/root/PriCE-1/dataset/1WSI/data/cnn_ensemble_updated/TCGA-E9-A1N3-01Z-00-DX1/patches/TCGA-E9-A1N3-01Z-00-DX1_10976_26656.png
19646,/root/PriCE-1/dataset/1WSI/data/cnn_ensemble_updated/TCGA-E9-A1N3-01Z-00-DX1/patches/TCGA-E9-A1N3-01Z-00-DX1_13440_18144.png
19647,/root/PriCE-1/dataset/1WSI/data/cnn_ensemble_updated/TCGA-E9-A1N3-01Z-00-DX1/patches/TCGA-E9-A1N3-01Z-00-DX1_30464_34272.png
19648,/root/PriCE-1/dataset/1WSI/data/cnn_ensemble_updated/TCGA-E9-A1N3-01Z-00-DX1/patches/TCGA-E9-A1N3-01Z-00-DX1_10976_29120.png
19651,/root/PriCE-1/dataset/1WSI/data/cnn_ensemble_updated/TCGA-E9-A1N3-01Z-00-DX1/patches/TCGA-E9-A1N3-01Z-00-DX1_10752_22400.png
19663,/root/PriCE-1/dataset/1WSI/data/cnn_ensemble_updated/TCGA-E9-A1N3-01Z-00-DX1/patches/TCGA-E9-A1N3-01Z-00-DX1_11648_17920.png
19673,/root/PriCE-1/dataset/1WSI/data/cnn_ensemble_updated/TCGA-E9-A1N3-01Z-00-DX1/patches/TCGA-E9-A1N3-01Z-00-DX1_33600_19040.png
19682,/root/PriCE-1/dataset/1WSI/data/cnn_ensemble_updated/TCGA-E9-A1N3-01Z-00-DX1/patches/TCGA-E9-A1N3-01Z-00-DX1_29344_14560.png
19706,/root/PriCE-1/dataset/1WSI/data/cnn_ensemble_updated/TCGA-E9-A1N3-01Z-00-DX1/patches/TCGA-E9-A1N3-01Z-00-DX1_16800_23744.png
19720,/root/PriCE-1/dataset/1WSI/data/cnn_ensemble_updated/TCGA-E9-A1N3-01Z-00-DX1/patches/TCGA-E9-A1N3-01Z-00-DX1_26208_11648.png
19726,/root/PriCE-1/dataset/1WSI/data/cnn_ensemble_updated/TCGA-E9-A1N3-01Z-00-DX1/patches/TCGA-E9-A1N3-01Z-00-DX1_12768_40320.png
19749,/root/PriCE-1/dataset/1WSI/data/cnn_ensemble_updated/TCGA-E9-A1N3-01Z-00-DX1/patches/TCGA-E9-A1N3-01Z-00-DX1_31136_12096.png
19751,/root/PriCE-1/dataset/1WSI/data/cnn_ensemble_updated/TCGA-E9-A1N3-01Z-00-DX1/patches/TCGA-E9-A1N3-01Z-00-DX1_45696_12768.png
19763,/root/PriCE-1/dataset/1WSI/data/cnn_ensemble_updated/TCGA-E9-A1N3-01Z-00-DX1/patches/TCGA-E9-A1N3-01Z-00-DX1_20384_26432.png
19771,/root/PriCE-1/dataset/1WSI/data/cnn_ensemble_updated/TCGA-E9-A1N3-01Z-00-DX1/patches/TCGA-E9-A1N3-01Z-00-DX1_17024_28448.png
19773,/root/PriCE-1/dataset/1WSI/data/cnn_ensemble_updated/TCGA-E9-A1N3-01Z-00-DX1/patches/TCGA-E9-A1N3-01Z-00-DX1_29792_19712.png
19782,/root/PriCE-1/dataset/1WSI/data/cnn_ensemble_updated/TCGA-E9-A1N3-01Z-00-DX1/patches/TCGA-E9-A1N3-01Z-00-DX1_26208_9856.png
19784,/root/PriCE-1/dataset/1WSI/data/cnn_ensemble_updated/TCGA-E9-A1N3-01Z-00-DX1/patches/TCGA-E9-A1N3-01Z-00-DX1_44800_17920.png
19803,/root/PriCE-1/dataset/1WSI/data/cnn_ensemble_updated/TCGA-E9-A1N3-01Z-00-DX1/patches/TCGA-E9-A1N3-01Z-00-DX1_37856_30464.png
19813,/root/PriCE-1/dataset/1WSI/data/cnn_ensemble_updated/TCGA-E9-A1N3-01Z-00-DX1/patches/TCGA-E9-A1N3-01Z-00-DX1_46144_12992.png
19820,/root/PriCE-1/dataset/1WSI/data/cnn_ensemble_updated/TCGA-E9-A1N3-01Z-00-DX1/patches/TCGA-E9-A1N3-01Z-00-DX1_33824_23072.png
19821,/root/PriCE-1/dataset/1WSI/data/cnn_ensemble_updated/TCGA-E9-A1N3-01Z-00-DX1/patches/TCGA-E9-A1N3-01Z-00-DX1_28224_27776.png
19827,/root/PriCE-1/dataset/1WSI/data/cnn_ensemble_updated/TCGA-E9-A1N3-01Z-00-DX1/patches/TCGA-E9-A1N3-01Z-00-DX1_4928_16800.png
19829,/root/PriCE-1/dataset/1WSI/data/cnn_ensemble_updated/TCGA-E9-A1N3-01Z-00-DX1/patches/TCGA-E9-A1N3-01Z-00-DX1_16800_22400.png
19838,/root/PriCE-1/dataset/1WSI/data/cnn_ensemble_updated/TCGA-E9-A1N3-01Z-00-DX1/patches/TCGA-E9-A1N3-01Z-00-DX1_10080_14784.png
19841,/root/PriCE-1/dataset/1WSI/data/cnn_ensemble_updated/TCGA-E9-A1N3-01Z-00-DX1/patches/TCGA-E9-A1N3-01Z-00-DX1_45248_30016.png
19849,/root/PriCE-1/dataset/1WSI/data/cnn_ensemble_updated/TCGA-E9-A1N3-01Z-00-DX1/patches/TCGA-E9-A1N3-01Z-00-DX1_40320_13664.png
19859,/root/PriCE-1/dataset/1WSI/data/cnn_ensemble_updated/TCGA-E9-A1N3-01Z-00-DX1/patches/TCGA-E9-A1N3-01Z-00-DX1_29344_25760.png
19865,/root/PriCE-1/dataset/1WSI/data/cnn_ensemble_updated/TCGA-E9-A1N3-01Z-00-DX1/patches/TCGA-E9-A1N3-01Z-00-DX1_16800_13216.png
19872,/root/PriCE-1/dataset/1WSI/data/cnn_ensemble_updated/TCGA-E9-A1N3-01Z-00-DX1/patches/TCGA-E9-A1N3-01Z-00-DX1_18144_18368.png
19888,/root/PriCE-1/dataset/1WSI/data/cnn_ensemble_updated/TCGA-E9-A1N3-01Z-00-DX1/patches/TCGA-E9-A1N3-01Z-00-DX1_14112_12992.png
19893,/root/PriCE-1/dataset/1WSI/data/cnn_ensemble_updated/TCGA-E9-A1N3-01Z-00-DX1/patches/TCGA-E9-A1N3-01Z-00-DX1_2912_16800.png
19898,/root/PriCE-1/dataset/1WSI/data/cnn_ensemble_updated/TCGA-E9-A1N3-01Z-00-DX1/patches/TCGA-E9-A1N3-01Z-00-DX1_42560_37184.png
19902,/root/PriCE-1/dataset/1WSI/data/cnn_ensemble_updated/TCGA-E9-A1N3-01Z-00-DX1/patches/TCGA-E9-A1N3-01Z-00-DX1_35392_19040.png
19923,/root/PriCE-1/dataset/1WSI/data/cnn_ensemble_updated/TCGA-E9-A1N3-01Z-00-DX1/patches/TCGA-E9-A1N3-01Z-00-DX1_25760_10976.png
19925,/root/PriCE-1/dataset/1WSI/data/cnn_ensemble_updated/TCGA-E9-A1N3-01Z-00-DX1/patches/TCGA-E9-A1N3-01Z-00-DX1_6048_24416.png
19928,/root/PriCE-1/dataset/1WSI/data/cnn_ensemble_updated/TCGA-E9-A1N3-01Z-00-DX1/patches/TCGA-E9-A1N3-01Z-00-DX1_37632_19040.png
19942,/root/PriCE-1/dataset/1WSI/data/cnn_ensemble_updated/TCGA-E9-A1N3-01Z-00-DX1/patches/TCGA-E9-A1N3-01Z-00-DX1_14336_24864.png
19947,/root/PriCE-1/dataset/1WSI/data/cnn_ensemble_updated/TCGA-E9-A1N3-01Z-00-DX1/patches/TCGA-E9-A1N3-01Z-00-DX1_42784_21056.png
19954,/root/PriCE-1/dataset/1WSI/data/cnn_ensemble_updated/TCGA-E9-A1N3-01Z-00-DX1/patches/TCGA-E9-A1N3-01Z-00-DX1_15904_21280.png
19957,/root/PriCE-1/dataset/1WSI/data/cnn_ensemble_updated/TCGA-E9-A1N3-01Z-00-DX1/patches/TCGA-E9-A1N3-01Z-00-DX1_32256_18816.png
19968,/root/PriCE-1/dataset/1WSI/data/cnn_ensemble_updated/TCGA-E9-A1N3-01Z-00-DX1/patches/TCGA-E9-A1N3-01Z-00-DX1_3808_16352.png
19998,/root/PriCE-1/dataset/1WSI/data/cnn_ensemble_updated/TCGA-E9-A1N3-01Z-00-DX1/patches/TCGA-E9-A1N3-01Z-00-DX1_18816_10752.png
19999,/root/PriCE-1/dataset/1WSI/data/cnn_ensemble_updated/TCGA-E9-A1N3-01Z-00-DX1/patches/TCGA-E9-A1N3-01Z-00-DX1_23296_10528.png
20008,/root/PriCE-1/dataset/1WSI/data/cnn_ensemble_updated/TCGA-E9-A1N3-01Z-00-DX1/patches/TCGA-E9-A1N3-01Z-00-DX1_23072_20608.png
20012,/root/PriCE-1/dataset/1WSI/data/cnn_ensemble_updated/TCGA-E9-A1N3-01Z-00-DX1/patches/TCGA-E9-A1N3-01Z-00-DX1_35616_6496.png
20037,/root/PriCE-1/dataset/1WSI/data/cnn_ensemble_updated/TCGA-E9-A1N3-01Z-00-DX1/patches/TCGA-E9-A1N3-01Z-00-DX1_42560_13216.png
20043,/root/PriCE-1/dataset/1WSI/data/cnn_ensemble_updated/TCGA-E9-A1N3-01Z-00-DX1/patches/TCGA-E9-A1N3-01Z-00-DX1_24640_21728.png
20047,/root/PriCE-1/dataset/1WSI/data/cnn_ensemble_updated/TCGA-E9-A1N3-01Z-00-DX1/patches/TCGA-E9-A1N3-01Z-00-DX1_17472_19040.png
20048,/root/PriCE-1/dataset/1WSI/data/cnn_ensemble_updated/TCGA-E9-A1N3-01Z-00-DX1/patches/TCGA-E9-A1N3-01Z-00-DX1_40096_9408.png
20051,/root/PriCE-1/dataset/1WSI/data/cnn_ensemble_updated/TCGA-E9-A1N3-01Z-00-DX1/patches/TCGA-E9-A1N3-01Z-00-DX1_35616_34720.png
20052,/root/PriCE-1/dataset/1WSI/data/cnn_ensemble_updated/TCGA-E9-A1N3-01Z-00-DX1/patches/TCGA-E9-A1N3-01Z-00-DX1_16128_30912.png
20062,/root/PriCE-1/dataset/1WSI/data/cnn_ensemble_updated/TCGA-E9-A1N3-01Z-00-DX1/patches/TCGA-E9-A1N3-01Z-00-DX1_46592_24192.png
20065,/root/PriCE-1/dataset/1WSI/data/cnn_ensemble_updated/TCGA-E9-A1N3-01Z-00-DX1/patches/TCGA-E9-A1N3-01Z-00-DX1_31808_35616.png
20066,/root/PriCE-1/dataset/1WSI/data/cnn_ensemble_updated/TCGA-E9-A1N3-01Z-00-DX1/patches/TCGA-E9-A1N3-01Z-00-DX1_32704_36064.png
20081,/root/PriCE-1/dataset/1WSI/data/cnn_ensemble_updated/TCGA-E9-A1N3-01Z-00-DX1/patches/TCGA-E9-A1N3-01Z-00-DX1_33376_14336.png
20094,/root/PriCE-1/dataset/1WSI/data/cnn_ensemble_updated/TCGA-E9-A1N3-01Z-00-DX1/patches/TCGA-E9-A1N3-01Z-00-DX1_25760_30912.png
20101,/root/PriCE-1/dataset/1WSI/data/cnn_ensemble_updated/TCGA-E9-A1N3-01Z-00-DX1/patches/TCGA-E9-A1N3-01Z-00-DX1_36512_9856.png
20108,/root/PriCE-1/dataset/1WSI/data/cnn_ensemble_updated/TCGA-E9-A1N3-01Z-00-DX1/patches/TCGA-E9-A1N3-01Z-00-DX1_48608_27104.png
20127,/root/PriCE-1/dataset/1WSI/data/cnn_ensemble_updated/TCGA-E9-A1N3-01Z-00-DX1/patches/TCGA-E9-A1N3-01Z-00-DX1_26656_8064.png
20128,/root/PriCE-1/dataset/1WSI/data/cnn_ensemble_updated/TCGA-E9-A1N3-01Z-00-DX1/patches/TCGA-E9-A1N3-01Z-00-DX1_18816_17248.png
20131,/root/PriCE-1/dataset/1WSI/data/cnn_ensemble_updated/TCGA-E9-A1N3-01Z-00-DX1/patches/TCGA-E9-A1N3-01Z-00-DX1_26208_34720.png
20135,/root/PriCE-1/dataset/1WSI/data/cnn_ensemble_updated/TCGA-E9-A1N3-01Z-00-DX1/patches/TCGA-E9-A1N3-01Z-00-DX1_11648_28448.png
20137,/root/PriCE-1/dataset/1WSI/data/cnn_ensemble_updated/TCGA-E9-A1N3-01Z-00-DX1/patches/TCGA-E9-A1N3-01Z-00-DX1_14336_27328.png
20160,/root/PriCE-1/dataset/1WSI/data/cnn_ensemble_updated/TCGA-E9-A1N3-01Z-00-DX1/patches/TCGA-E9-A1N3-01Z-00-DX1_17472_28672.png
20163,/root/PriCE-1/dataset/1WSI/data/cnn_ensemble_updated/TCGA-E9-A1N3-01Z-00-DX1/patches/TCGA-E9-A1N3-01Z-00-DX1_34720_16800.png
20164,/root/PriCE-1/dataset/1WSI/data/cnn_ensemble_updated/TCGA-E9-A1N3-01Z-00-DX1/patches/TCGA-E9-A1N3-01Z-00-DX1_33376_16800.png
20183,/root/PriCE-1/dataset/1WSI/data/cnn_ensemble_updated/TCGA-E9-A1N3-01Z-00-DX1/patches/TCGA-E9-A1N3-01Z-00-DX1_34048_13888.png
20184,/root/PriCE-1/dataset/1WSI/data/cnn_ensemble_updated/TCGA-E9-A1N3-01Z-00-DX1/patches/TCGA-E9-A1N3-01Z-00-DX1_31136_26432.png
20193,/root/PriCE-1/dataset/1WSI/data/cnn_ensemble_updated/TCGA-E9-A1N3-01Z-00-DX1/patches/TCGA-E9-A1N3-01Z-00-DX1_30688_27552.png
20201,/root/PriCE-1/dataset/1WSI/data/cnn_ensemble_updated/TCGA-E9-A1N3-01Z-00-DX1/patches/TCGA-E9-A1N3-01Z-00-DX1_28448_34048.png
20216,/root/PriCE-1/dataset/1WSI/data/cnn_ensemble_updated/TCGA-E9-A1N3-01Z-00-DX1/patches/TCGA-E9-A1N3-01Z-00-DX1_8736_15008.png
20218,/root/PriCE-1/dataset/1WSI/data/cnn_ensemble_updated/TCGA-E9-A1N3-01Z-00-DX1/patches/TCGA-E9-A1N3-01Z-00-DX1_38752_28448.png
20250,/root/PriCE-1/dataset/1WSI/data/cnn_ensemble_updated/TCGA-E9-A1N3-01Z-00-DX1/patches/TCGA-E9-A1N3-01Z-00-DX1_10752_25760.png
20255,/root/PriCE-1/dataset/1WSI/data/cnn_ensemble_updated/TCGA-E9-A1N3-01Z-00-DX1/patches/TCGA-E9-A1N3-01Z-00-DX1_15232_15232.png
20259,/root/PriCE-1/dataset/1WSI/data/cnn_ensemble_updated/TCGA-E9-A1N3-01Z-00-DX1/patches/TCGA-E9-A1N3-01Z-00-DX1_10304_21952.png
20271,/root/PriCE-1/dataset/1WSI/data/cnn_ensemble_updated/TCGA-E9-A1N3-01Z-00-DX1/patches/TCGA-E9-A1N3-01Z-00-DX1_16576_13888.png
20285,/root/PriCE-1/dataset/1WSI/data/cnn_ensemble_updated/TCGA-E9-A1N3-01Z-00-DX1/patches/TCGA-E9-A1N3-01Z-00-DX1_16352_19712.png
20293,/root/PriCE-1/dataset/1WSI/data/cnn_ensemble_updated/TCGA-E9-A1N3-01Z-00-DX1/patches/TCGA-E9-A1N3-01Z-00-DX1_40992_31136.png
20295,/root/PriCE-1/dataset/1WSI/data/cnn_ensemble_updated/TCGA-E9-A1N3-01Z-00-DX1/patches/TCGA-E9-A1N3-01Z-00-DX1_30688_18816.png
20297,/root/PriCE-1/dataset/1WSI/data/cnn_ensemble_updated/TCGA-E9-A1N3-01Z-00-DX1/patches/TCGA-E9-A1N3-01Z-00-DX1_36512_16128.png
20302,/root/PriCE-1/dataset/1WSI/data/cnn_ensemble_updated/TCGA-E9-A1N3-01Z-00-DX1/patches/TCGA-E9-A1N3-01Z-00-DX1_39648_31808.png
20309,/root/PriCE-1/dataset/1WSI/data/cnn_ensemble_updated/TCGA-E9-A1N3-01Z-00-DX1/patches/TCGA-E9-A1N3-01Z-00-DX1_14784_12320.png
20311,/root/PriCE-1/dataset/1WSI/data/cnn_ensemble_updated/TCGA-E9-A1N3-01Z-00-DX1/patches/TCGA-E9-A1N3-01Z-00-DX1_10304_24864.png
20341,/root/PriCE-1/dataset/1WSI/data/cnn_ensemble_updated/TCGA-E9-A1N3-01Z-00-DX1/patches/TCGA-E9-A1N3-01Z-00-DX1_9184_15008.png
20353,/root/PriCE-1/dataset/1WSI/data/cnn_ensemble_updated/TCGA-E9-A1N3-01Z-00-DX1/patches/TCGA-E9-A1N3-01Z-00-DX1_27104_7616.png
20354,/root/PriCE-1/dataset/1WSI/data/cnn_ensemble_updated/TCGA-E9-A1N3-01Z-00-DX1/patches/TCGA-E9-A1N3-01Z-00-DX1_28672_8064.png
20359,/root/PriCE-1/dataset/1WSI/data/cnn_ensemble_updated/TCGA-E9-A1N3-01Z-00-DX1/patches/TCGA-E9-A1N3-01Z-00-DX1_12768_16352.png
20361,/root/PriCE-1/dataset/1WSI/data/cnn_ensemble_updated/TCGA-E9-A1N3-01Z-00-DX1/patches/TCGA-E9-A1N3-01Z-00-DX1_42112_28224.png
20363,/root/PriCE-1/dataset/1WSI/data/cnn_ensemble_updated/TCGA-E9-A1N3-01Z-00-DX1/patches/TCGA-E9-A1N3-01Z-00-DX1_19040_17696.png
20366,/root/PriCE-1/dataset/1WSI/data/cnn_ensemble_updated/TCGA-E9-A1N3-01Z-00-DX1/patches/TCGA-E9-A1N3-01Z-00-DX1_36960_13664.png
20376,/root/PriCE-1/dataset/1WSI/data/cnn_ensemble_updated/TCGA-E9-A1N3-01Z-00-DX1/patches/TCGA-E9-A1N3-01Z-00-DX1_9632_20384.png
20391,/root/PriCE-1/dataset/1WSI/data/cnn_ensemble_updated/TCGA-E9-A1N3-01Z-00-DX1/patches/TCGA-E9-A1N3-01Z-00-DX1_19040_28224.png
20392,/root/PriCE-1/dataset/1WSI/data/cnn_ensemble_updated/TCGA-E9-A1N3-01Z-00-DX1/patches/TCGA-E9-A1N3-01Z-00-DX1_25312_24416.png
